offered load,lambda_1,lambda_2,lambda_3,lambda_4,Mu_1,Mu_2,Mu_3,Mu_4,alpha_1,alpha_2,alpha_3,alpha_4
0.1,0.00384,0.00096,0.0012,0.04,1,1,1,1,1,1,1,1
0.25,0.015,0.015,0.0075,0.1,1,1,1,1,1,1,1,1
0.25,0.024,0.006,0.0075,0.1,1,1,1,1,1,1,1,1
0.5,0.06,0.06,0.03,0.2,1,1,1,1,1,1,1,1
0.5,0.096,0.024,0.03,0.2,1,1,1,1,1,1,1,1
0.75,0.216,0.054,0.0675,0.3,1,1,1,1,1,1,1,1
0.25,0.015,0.00375,0.01875,0.1,1,1,1,1,1,1,1,1
0.5,0.06,0.015,0.075,0.2,1,1,1,1,1,1,1,1